global_rate,per_gpu_rate,policy,label,n,slo_attainment_completed_mean,slo_attainment_completed_std,slo_attainment_submitted_mean,slo_attainment_submitted_std,goodput_req_s_mean,goodput_req_s_std,throughput_req_s_mean,throughput_req_s_std,throughput_completed_req_s_mean,throughput_completed_req_s_std,ttft_p50_mean,ttft_p50_std,ttft_p90_mean,ttft_p90_std,ttft_p95_mean,ttft_p95_std,ttft_p99_mean,ttft_p99_std,tpot_p50_mean,tpot_p50_std,tpot_p90_mean,tpot_p90_std,tpot_p95_mean,tpot_p95_std,tpot_p99_mean,tpot_p99_std
1.5,0.75,bps_kas,w/o PBC,2,0.7734375,0.055242717280199,0.7734375,0.055242717280199,0.9757402573983592,0.0551968000037772,1.2622341777351913,0.0187894248963263,1.2622341777351913,0.0187894248963263,0.0775016136467456,0.0012775961018217,0.2011709184385836,0.0192456254124623,0.2284011454787105,0.0084926246802407,0.2653026980999857,0.0220912132087331,0.0368500526792007,0.0023098389450404,0.334162766897186,0.1269515659175315,0.5884771091062718,0.2235025817247286,1.1668811152987186,0.3741032814637208
2.0,1.0,bps_kas,w/o PBC,2,0.45703125,0.0055242717280199,0.45703125,0.0055242717280199,0.581329749517846,0.0481247279185046,1.2726987261726133,0.1206820354402176,1.2726987261726133,0.1206820354402176,0.1176353748887777,0.0192903451943659,3.991922034602611,3.0583926295939854,5.904653486469762,4.578425774085203,8.628491187170148,1.7444714657774272,0.0816183010212838,0.0111399978819423,1.2642662025480107,0.0175991274885334,2.2203783298285495,0.120551034172975,4.043225698021707,1.877022488094736
2.5,1.25,bps_kas,w/o PBC,2,0.2890625,0.055242717280199,0.2890625,0.055242717280199,0.3818779398941699,0.1256802945543104,1.3033463650838009,0.1857034371106972,1.3033463650838009,0.1857034371106972,1.4658104563131928,0.277272668215445,15.920428508054464,1.4296028162110077,17.901681895460936,1.5451640015327637,18.767153925243765,1.6013344776592402,0.091367252131446,0.0130569225187894,1.568228842858225,0.0762200406887732,2.327292933896083,0.0940174813991024,4.589138851063328,0.4434324143346776
3.0,1.5,bps_kas,w/o PBC,2,0.25,0.0441941738241592,0.25,0.0441941738241592,0.3277382256801907,0.0954151728336007,1.2974918550871366,0.1522943690177958,1.2974918550871366,0.1522943690177958,5.0325524979270995,0.1251120314280476,22.72963381698355,1.7269712487835815,27.921906154975296,2.349832576601907,28.824219034230335,1.9697353293972697,0.1016213919646408,0.0017462842946984,1.7173852638102,0.1467052615304662,2.604214275465348,0.0363333076503828,5.129003323566172,1.0445274320610178
3.5,1.75,bps_kas,w/o PBC,2,0.234375,0.0662912607362388,0.234375,0.0662912607362388,0.3156175990803161,0.1248954791111233,1.3242431601622782,0.1583348501445329,1.3242431601622782,0.1583348501445329,7.352577110752463,0.4453491384050369,26.86639149654656,1.6378152095922442,32.520222502388066,3.7342046946944656,33.93843525505625,3.588731709239412,0.1038144312534437,0.0033718506879086,1.8279991088062515,0.1532338076874427,2.5835540281313794,0.1773197978940887,4.8414337393324836,0.9524998107437966
4.0,2.0,bps_kas,w/o PBC,2,0.22265625,0.0718155324642587,0.22265625,0.0718155324642587,0.3019654121195841,0.1284602476756471,1.3324610519804423,0.1471723687962291,1.3324610519804423,0.1471723687962291,9.801880266983062,1.526819503005208,30.79354352075606,0.9958407337844914,36.41594863296486,4.423392990124944,38.030781610039995,4.468038970262605,0.1143083462464974,0.0167515667498398,1.8442048960272217,0.0614719150824868,2.8359842650483684,0.0258990001858579,4.894131561015734,0.9398117217888222
4.5,2.25,bps_kas,w/o PBC,2,0.21875,0.055242717280199,0.21875,0.055242717280199,0.295073726383308,0.1063292474337059,1.32994085763178,0.1502157743367682,1.32994085763178,0.1502157743367682,11.299681573640555,2.7265323591699446,32.45119506502524,4.178037821626987,38.68357044882141,3.473947133391385,40.239204803928736,3.5193613486742197,0.1064279094619708,0.0005732698747973,1.8192535911319827,0.1531946033467048,2.697384381243805,0.2472625172180864,4.961114534089344,0.7728378824812554
5.0,2.5,bps_kas,w/o PBC,2,0.21484375,0.0607669890082189,0.21484375,0.0607669890082189,0.2912289014121453,0.113023235615323,1.3345212225216838,0.148612185158344,1.3345212225216838,0.148612185158344,12.621525880414993,2.5839749443774824,36.56174968145788,0.7996611132659198,38.60677098222077,1.2971727131526851,42.699427063819016,5.97727423907344,0.1173464669731464,0.0254387629468459,1.6886158644428684,0.0017736123813384,2.8269461532697715,0.0119552880395026,5.948276654395281,2.380993102750248
1.5,0.75,bps_pbc,w/o KAS,2,0.73046875,0.0497184455521791,0.73046875,0.0497184455521791,0.9544380402738508,0.0852671054706388,1.3056622022090063,0.0278610280872002,1.3056622022090063,0.0278610280872002,0.076711940113455,0.0007683772195685,0.1991716089658439,0.0207646742239579,0.2254130546934902,0.0019309951381457,0.2658316043484957,0.0192470627912182,0.0350241689877607,0.0027610876559157,0.4255164977163075,0.2098060131386297,0.7382093590305061,0.2866768530772416,1.7804854041161038,1.0166211647118129
2.0,1.0,bps_pbc,w/o KAS,2,0.46875,0.0220970869120796,0.46875,0.0220970869120796,0.6520684192137116,0.0298134297512019,1.3911258766141112,0.0019763192532971,1.3911258766141112,0.0019763192532971,0.1079498585313558,0.009046626103689,3.7687174480408423,4.312945783480541,4.930697932234036,4.078952370372572,7.554881638567895,3.752873992378296,0.0878496231083247,0.0237760520029372,1.2871614285137951,0.0530845795586392,2.2128281139500903,0.261838453250591,5.23098412898835,2.1011799191308413
2.5,1.25,bps_pbc,w/o KAS,2,0.265625,0.0441941738241592,0.265625,0.0441941738241592,0.3771666425883975,0.0726319962381611,1.4167838921792042,0.0377163393352453,1.4167838921792042,0.0377163393352453,1.0994431106373668,0.4114053626299546,13.476809945330022,3.27253339710625,15.531750910449771,2.82615593025674,17.557990642357623,1.101894061152232,0.112843920381554,0.0132944864121415,1.7091599615082318,0.1280444489248111,2.8563211521987517,0.1654252441745179,6.980339923906148,2.3749664179366796
3.0,1.5,bps_pbc,w/o KAS,2,0.25390625,0.0497184455521791,0.25390625,0.0497184455521791,0.3594020135600078,0.0812669939967407,1.411209321916592,0.0437321261776856,1.411209321916592,0.0437321261776856,4.312713043298572,0.491611362596672,21.42480374313891,1.428961559154904,23.48532561380416,1.2223686314273834,25.85283989967779,1.2460640341514186,0.1109329624070469,0.0178766759319178,1.8469215589208583,0.0371447625461805,2.8605836471705723,0.1251648504084898,6.073751368075613,0.3943852581813632
3.5,1.75,bps_pbc,w/o KAS,2,0.2265625,0.0773398041922786,0.2265625,0.0773398041922786,0.3225546770861497,0.1232133119293029,1.4132057950245978,0.0614234591280865,1.4132057950245978,0.0614234591280865,6.62433939659968,1.0740218521616058,25.510049429629,3.389130477022043,33.16104525630362,4.9587625857548465,34.94832059059292,5.006489945760595,0.1187494947120227,0.0215731820709965,1.999698319674159,0.0485781047235571,2.993863815965339,0.106944601633641,6.011266970019794,0.2431738669275211
4.0,2.0,bps_pbc,w/o KAS,2,0.2109375,0.0883883476483184,0.2109375,0.0883883476483184,0.3006398411786674,0.1373019585975657,1.4129233888948458,0.0588610128568313,1.4129233888948458,0.0588610128568313,7.551304045598954,2.0546922550882725,29.459203918650744,2.955450570413398,35.68836432164535,3.655839031204489,36.87146028521471,4.0104378543685,0.1144256901638813,0.0214128684246714,1.9432244163675865,0.0366323167872772,2.924866493942683,0.029772541377821,6.26748184482847,0.6464583743346352
4.5,2.25,bps_pbc,w/o KAS,2,0.20703125,0.0828640759202985,0.20703125,0.0828640759202985,0.2964356775905979,0.1340530605661029,1.4156526058031114,0.0808878638469575,1.4156526058031114,0.0808878638469575,9.84661843534559,1.810865688050881,32.21631523789838,1.8806621516344928,38.822579936729745,5.955413469817548,39.774162283204504,5.849625020074939,0.1178132979945907,0.0208684418206384,1.9538048150836087,0.0207937217632749,3.0160687666192354,0.108181917230259,7.097374860467394,0.4714776993718945
5.0,2.5,bps_pbc,w/o KAS,2,0.20703125,0.0939126193763383,0.20703125,0.0939126193763383,0.2932054583987531,0.1472563488084471,1.3988315354692165,0.0767440434538636,1.3988315354692165,0.0767440434538636,10.108255269937215,3.59357699417108,35.785849013738336,2.7463834074659466,37.13819436784834,1.2461342450321764,41.76140640494414,4.216547258198008,0.1266824045654018,0.0188009505740392,2.146047679579757,0.1731623665646796,3.1579439952131367,0.1616778946081419,7.828121724235833,0.4926249148894836
1.5,0.75,fcfs,DistServe,2,0.734375,0.0331456303681194,0.734375,0.0331456303681194,0.9591087589735384,0.0636262050934001,1.305394837189742,0.0277216276908358,1.305394837189742,0.0277216276908358,0.0754910828545689,7.308263531789025e-05,0.2011019791476428,0.0117692241408198,0.226749777328223,0.0005853596665571,0.2687768336758018,0.0078636866079502,0.0347311521336889,0.0029140964597502,0.4083923059737397,0.1859418656553919,0.7125983009246251,0.2480054963910504,1.6972259887103012,0.9299774512352836
2.0,1.0,fcfs,DistServe,2,0.4765625,0.0331456303681194,0.4765625,0.0331456303681194,0.6802055214472751,0.0590505092647158,1.4264576469545855,0.0246970153190437,1.4264576469545855,0.0246970153190437,0.1026775524951517,0.0055870106047509,3.520976383704692,4.510220049982877,4.794374522427101,4.640147718879574,7.061200598515571,4.278736925049065,0.0883801127484116,0.0249620530374166,1.244242678341371,0.0522281557206245,2.1447493236906094,0.2006720747808638,5.208298004167157,2.0882062382044433
2.5,1.25,fcfs,DistServe,2,0.26171875,0.0497184455521791,0.26171875,0.0497184455521791,0.3774983433295706,0.081393910727724,1.4388037068355972,0.0376695478224045,1.4388037068355972,0.0376695478224045,1.5905740256421268,0.3796476576178017,13.779723551589996,2.1209721875418848,14.40015982571058,2.54836296914045,17.350763654774056,1.2041559876690302,0.1078164481660201,0.0138321853798039,1.5652709430150151,0.0594543123815739,2.6853758310566547,0.3715779758356192,6.791252912217756,2.1298708416054
3.0,1.5,fcfs,DistServe,2,0.25390625,0.0607669890082189,0.25390625,0.0607669890082189,0.3685334212159802,0.0995291851231303,1.4459581754415167,0.045932940090019,1.4459581754415167,0.045932940090019,5.656254334375262,0.1799849292103543,20.314524863753466,0.9890605111272426,21.37521683415398,1.0234826538963424,24.315400702916087,0.8530902670646376,0.1075191974020751,0.0156329209987453,1.7944433779693991,0.0002698555500813,2.787445762377856,0.3593517152714603,7.2193544292263745,1.593823937269086
3.5,1.75,fcfs,DistServe,2,0.21875,0.0883883476483184,0.21875,0.0883883476483184,0.3197943430296394,0.1394925628818154,1.451582668038991,0.0511523171607384,1.451582668038991,0.0511523171607384,8.368693170137703,0.0932414782290069,24.972482741996643,0.2932537843201004,26.230527770286425,0.1376289538981963,29.087750017587098,2.392482879834,0.1114739477010541,0.0165619447822716,1.8590007479459816,0.0552534118138012,2.954419835784166,0.1770872766306457,7.241644356632611,1.37893727176964
4.0,2.0,fcfs,DistServe,2,0.20703125,0.0828640759202985,0.20703125,0.0828640759202985,0.3031405392706251,0.1312794582787327,1.4537728449438818,0.0522332492531174,1.4537728449438818,0.0522332492531174,10.37984253372997,0.3072245394781325,28.5464476452209,0.1238799626154007,29.84772292422131,1.0489639774590498,32.63955166119151,3.5557275035697766,0.1122536785895899,0.0182862902421379,1.892494226364394,0.0896174598817744,3.0463012377483185,0.1395773715732595,7.197151070754051,1.3262941997578774
4.5,2.25,fcfs,DistServe,2,0.1953125,0.0994368911043582,0.1953125,0.0994368911043582,0.2875085167225181,0.1559504474606345,1.457705964166243,0.0563235749870709,1.457705964166243,0.0563235749870709,11.89466355741024,0.3688296422765928,31.452537847496565,0.3712467295309544,32.66883319215849,1.828818390660062,35.37690560061485,4.541178956048497,0.1128420932946254,0.0193916941233662,1.8987593606127688,0.0852151311031248,3.031096882230295,0.2539946654183123,7.1999233298422824,1.3252342573706342
5.0,2.5,fcfs,DistServe,2,0.19140625,0.1049611628323781,0.19140625,0.1049611628323781,0.2824771672905388,0.1646817306914273,1.4593101045404795,0.0601382932157085,1.4593101045404795,0.0601382932157085,13.15504388557747,0.3835755805799791,33.81956032607704,0.7148266223917632,35.151570335589355,2.175696960488519,37.6407358082477,5.284742343719261,0.1128883624203306,0.0203339154771689,1.909583819497909,0.0514477455356091,3.030862942300739,0.3367560184228034,7.212509520291357,1.3350557507948972
1.5,0.75,kas_pbc,w/o BPS,2,0.7734375,0.055242717280199,0.7734375,0.055242717280199,0.968372585749334,0.0440511206828716,1.2531998920905458,0.0325547269837088,1.2531998920905458,0.0325547269837088,0.0756684537045657,0.0008262553792861,0.1999053810723126,0.0193419654690419,0.2299478547647595,0.0029846548922437,0.2703111829888076,0.0158022032990704,0.0369661746838779,0.0022804128871655,0.3246022883436775,0.126149659325337,0.5788224693644921,0.2319729121365312,1.145771646695833,0.3605816826922826
2.0,1.0,kas_pbc,w/o BPS,2,0.46484375,0.0165728151840597,0.46484375,0.0165728151840597,0.6063545604419638,0.1012138454019764,1.30137226823367,0.1713402478034376,1.30137226823367,0.1713402478034376,0.1116346586495637,0.0091883949311895,3.894023311510681,2.9974703345856515,5.66255306461826,3.887878745259712,8.017214217483998,2.167488155939359,0.079316720028791,0.0135633654777629,1.22574049632065,0.0631318014341818,2.137362451054867,0.1334647463983457,4.371007896349768,1.332659272045531
2.5,1.25,kas_pbc,w/o BPS,2,0.28515625,0.0718155324642587,0.28515625,0.0718155324642587,0.3784865156517412,0.1413929616091733,1.3062834930614802,0.1668612103213285,1.3062834930614802,0.1668612103213285,2.7151929568499327,0.1625989603899947,13.901400128006934,0.6810688588349956,15.631530414661391,1.6634887624943897,18.919895668039096,2.366029482107978,0.0939823690527106,0.0191148891782681,1.6534861651466537,0.1952433711852671,2.385027196416078,0.0404659117738095,5.470657706563366,0.7927337888679956
3.0,1.5,kas_pbc,w/o BPS,2,0.2421875,0.0662912607362388,0.2421875,0.0662912607362388,0.3272607673879349,0.1317122775190752,1.3265333166952349,0.1807471960638915,1.3265333166952349,0.1807471960638915,7.539964470546693,0.318374656180539,20.683374704979357,0.2799870495927492,22.07225512033328,0.0791933526523605,25.691074847597633,4.237691939037051,0.1043642350110587,0.0077420384998431,1.7624740000756545,0.2097841666100904,2.553159602902211,0.2022413780147587,5.5866662871185735,0.6567526512477466
3.5,1.75,kas_pbc,w/o BPS,2,0.2265625,0.0773398041922786,0.2265625,0.0773398041922786,0.3031892220577497,0.1384712655244563,1.3102367100948618,0.1639186313718479,1.3102367100948618,0.1639186313718479,10.60470602940768,0.2336962855309365,26.126387024950233,0.3955142444031422,27.443493051873524,0.9899247412780162,31.05057555710897,5.07796560253501,0.104973358859047,0.0060962320175506,1.964940856365664,0.265675157166133,2.75008707639451,0.2254140348123326,5.477797938180162,0.6144931824129513
4.0,2.0,kas_pbc,w/o BPS,2,0.2265625,0.0773398041922786,0.2265625,0.0773398041922786,0.3092474069389621,0.1468819353403925,1.331902434527504,0.1936457350656712,1.331902434527504,0.1936457350656712,12.102586925495416,1.7412760656581072,28.997360387910156,1.4627936087712303,30.498849937738857,2.1127775106558615,33.40827852775343,5.952269989874074,0.1010068139874097,0.0028880136893078,1.8594369694435344,0.0941094975570753,2.8076940831914565,0.3893088777856057,5.6085292252572305,0.609811108175519
4.5,2.25,kas_pbc,w/o BPS,2,0.20703125,0.0718155324642587,0.20703125,0.0718155324642587,0.2830679941875347,0.1362481783513086,1.3333486110123174,0.1955890132092583,1.3333486110123174,0.1955890132092583,14.280712039209902,1.44367884036719,32.750025171414016,2.351847042519857,34.06723764198833,2.443885656080248,37.83094548057765,7.29432081795663,0.1047177828063432,0.0079410542576358,1.895683434070017,0.1867718991391154,3.035235529627342,0.3314047020016207,5.321624020780441,0.3998528942980358
5.0,2.5,kas_pbc,w/o BPS,2,0.203125,0.0773398041922786,0.203125,0.0773398041922786,0.279218232057715,0.1420811455374779,1.3384693064028004,0.1898544810481739,1.3384693064028004,0.1898544810481739,15.596649057231843,1.740719652842234,34.96789279663935,2.7231395592016607,35.74151793951169,3.5200659117719297,39.33597436508164,8.28028711309014,0.1040002702214958,0.0087432046252388,1.8829346766212076,0.0961291650022929,2.9371998582330243,0.1862952501185936,5.562356678931978,0.7511240228633471
1.5,0.75,phase,PhaseServe,2,0.94921875,0.0055242717280199,0.94921875,0.0055242717280199,1.1337058525167656,0.0997008885070711,1.194682655839275,0.1119875056478601,1.194682655839275,0.1119875056478601,0.0762203759513795,0.0008412952187594,0.1966325117275119,0.0211483466007024,0.2245279532857239,0.0037106055135943,0.2660480078589172,0.0231175103858408,0.0300553459227412,0.0006896186240812,0.0497833440325318,0.0128788277250243,0.0697250677502921,0.0210809251044664,0.1536221251403913,0.0382464333512346
2.0,1.0,phase,PhaseServe,2,0.7265625,0.0662912607362388,0.7265625,0.0662912607362388,0.8738708097124136,0.2133490760963758,1.1943222099794997,0.1846722767436303,1.1943222099794997,0.1846722767436303,0.0762400976382196,6.836943227425793e-05,0.1995632933452725,0.006988975602792,0.2291967013850808,0.0027678004004498,0.2925600078701974,0.0304978635863676,0.041316974301238,0.0062600288572486,0.2858315830607898,0.0326215060915469,0.4279165964748246,0.0740205799527439,0.9192488923956026,0.0281157286882258
2.5,1.25,phase,PhaseServe,2,0.5625,0.0662912607362388,0.5625,0.0662912607362388,0.6785539043809978,0.1823529893712667,1.195517585785423,0.1832899935594782,1.195517585785423,0.1832899935594782,0.0935290339402854,0.0187644150866782,1.5467551308684044,1.673175002651488,2.8140655676368627,1.1568061907884786,4.784284662241124,3.139575058599832,0.0655983776872487,0.0139294909962105,0.8366692950141925,0.1931255633152816,1.3374039995397045,0.131300431253065,3.3337226968514786,1.3067622845637727
3.0,1.5,phase,PhaseServe,2,0.40234375,0.1049611628323781,0.40234375,0.1049611628323781,0.4892671387851094,0.1971375398449772,1.1927173585911195,0.1788235531355732,1.1927173585911195,0.1788235531355732,0.1942338184453547,0.1024067523210656,7.869197807926684,2.8290025605421385,9.739958202559505,3.4790165046345325,11.442982258470735,5.104850994710831,0.0766259299097843,0.0164217906363178,1.0394066957725832,0.1263859237262866,1.7587107097898214,0.1583058470935436,4.195230672783222,0.5900845487493764
3.5,1.75,phase,PhaseServe,2,0.359375,0.110485434560398,0.359375,0.110485434560398,0.4349156619066031,0.2030118377680734,1.1790863476974138,0.2024068737627605,1.1790863476974138,0.2024068737627605,2.295391066465527,3.060687387464475,14.865443497989324,7.1557450485014344,17.70773169719614,10.466097218900908,19.09450495325029,11.985430401834655,0.0802082402321378,0.0107555447233813,1.201800355892205,0.1552916560145119,1.845463400007696,0.0293566284205665,6.1223241893574665,0.2141518862723657
4.0,2.0,phase,PhaseServe,2,0.32421875,0.0607669890082189,0.32421875,0.0607669890082189,0.396066173126342,0.1430979253821677,1.201340963478406,0.2161998720288457,1.201340963478406,0.2161998720288457,2.782723401673138,3.46366150156477,20.385649105906484,8.104155390226014,21.183755503501743,8.162076649047467,22.685486017605292,7.307536675128969,0.0799840602071826,0.0043989693853688,1.2453548186216945,0.0157564001465375,2.0353209189471926,0.0464685200605843,6.238534605549656,0.411164571559949
4.5,2.25,phase,PhaseServe,2,0.3125,0.0773398041922786,0.3125,0.0773398041922786,0.3823577712711185,0.1635262301652292,1.1954009383021265,0.2274372981301651,1.1954009383021265,0.2274372981301651,5.083496257197112,5.368762226456197,21.786480248533188,5.765350462911704,25.999052858119832,10.850297282618122,27.12466732652858,11.953078516979597,0.0815944791027215,0.001150336762733,1.3400720451062431,0.1043363253812384,2.1867982606240557,0.2925741352979727,6.592744024503055,0.2560773564002125
5.0,2.5,phase,PhaseServe,2,0.2734375,0.0994368911043582,0.2734375,0.0994368911043582,0.3367524356226248,0.179505165754026,1.190933859259042,0.2233870821609748,1.190933859259042,0.2233870821609748,6.109540783334523,5.946300624626969,23.614441412035376,5.587115672234434,26.124965670891108,7.834781286004944,29.286092196376995,11.500574004250392,0.0835265606231013,0.0001091488559163,1.307791299193373,0.1110166204554615,2.10740134909167,0.3122804255983744,5.6923404896073135,1.4731558383330194
